{
  "deliverable": "Module 3b \u2014 open temporal instrument: R_delta(N, gamma_phi*t), delta=0.10",
  "caveat": "Candidate worked exemplar for Anti-Claim #6 WITHIN THE ASSUMED-EINSELECTION REGIME; the temporal pointer is assumed einselected (MN v0.2 \u00a71.1), not derived. Anti-Claim #6 remains open.",
  "gamma_phi": 1.0,
  "deficit": 0.1,
  "n_values": [
    4,
    8,
    16,
    32,
    64,
    128
  ],
  "grid": {
    "4": [
      [
        0.1,
        0.04758129095407171,
        1.3333333333333333
      ],
      [
        0.273,
        0.11945360610919342,
        null
      ],
      [
        0.445,
        0.17958786192606685,
        null
      ],
      [
        0.618,
        0.23048929842060534,
        null
      ],
      [
        0.791,
        0.27330441130468053,
        null
      ],
      [
        0.964,
        0.30931781323426644,
        null
      ],
      [
        1.136,
        0.3394495700533148,
        null
      ],
      [
        1.309,
        0.364954994295959,
        null
      ],
      [
        1.482,
        0.3864085660084702,
        null
      ],
      [
        1.655,
        0.40445397214816686,
        null
      ],
      [
        1.827,
        0.41955223447195217,
        null
      ],
      [
        2.0,
        0.432332358385997,
        null
      ]
    ],
    "8": [
      [
        0.1,
        0.04758129095407171,
        2.6666666666666665
      ],
      [
        0.273,
        0.11945360610919342,
        1.6
      ],
      [
        0.445,
        0.17958786192606685,
        1.1428571428571428
      ],
      [
        0.618,
        0.23048929842060534,
        null
      ],
      [
        0.791,
        0.27330441130468053,
        null
      ],
      [
        0.964,
        0.30931781323426644,
        null
      ],
      [
        1.136,
        0.3394495700533148,
        null
      ],
      [
        1.309,
        0.364954994295959,
        null
      ],
      [
        1.482,
        0.3864085660084702,
        null
      ],
      [
        1.655,
        0.40445397214816686,
        null
      ],
      [
        1.827,
        0.41955223447195217,
        null
      ],
      [
        2.0,
        0.432332358385997,
        null
      ]
    ],
    "16": [
      [
        0.1,
        0.04758129095407171,
        5.333333333333333
      ],
      [
        0.273,
        0.11945360610919342,
        3.2
      ],
      [
        0.445,
        0.17958786192606685,
        2.2857142857142856
      ],
      [
        0.618,
        0.23048929842060534,
        1.4545454545454546
      ],
      [
        0.791,
        0.27330441130468053,
        null
      ],
      [
        0.964,
        0.30931781323426644,
        null
      ],
      [
        1.136,
        0.3394495700533148,
        null
      ],
      [
        1.309,
        0.364954994295959,
        null
      ],
      [
        1.482,
        0.3864085660084702,
        null
      ],
      [
        1.655,
        0.40445397214816686,
        null
      ],
      [
        1.827,
        0.41955223447195217,
        null
      ],
      [
        2.0,
        0.432332358385997,
        null
      ]
    ],
    "32": [
      [
        0.1,
        0.04758129095407171,
        10.666666666666666
      ],
      [
        0.273,
        0.11945360610919342,
        6.4
      ],
      [
        0.445,
        0.17958786192606685,
        4.571428571428571
      ],
      [
        0.618,
        0.23048929842060534,
        2.909090909090909
      ],
      [
        0.791,
        0.27330441130468053,
        1.8823529411764706
      ],
      [
        0.964,
        0.30931781323426644,
        1.3333333333333333
      ],
      [
        1.136,
        0.3394495700533148,
        null
      ],
      [
        1.309,
        0.364954994295959,
        null
      ],
      [
        1.482,
        0.3864085660084702,
        null
      ],
      [
        1.655,
        0.40445397214816686,
        null
      ],
      [
        1.827,
        0.41955223447195217,
        null
      ],
      [
        2.0,
        0.432332358385997,
        null
      ]
    ],
    "64": [
      [
        0.1,
        0.04758129095407171,
        21.333333333333332
      ],
      [
        0.273,
        0.11945360610919342,
        12.8
      ],
      [
        0.445,
        0.17958786192606685,
        9.142857142857142
      ],
      [
        0.618,
        0.23048929842060534,
        5.818181818181818
      ],
      [
        0.791,
        0.27330441130468053,
        3.764705882352941
      ],
      [
        0.964,
        0.30931781323426644,
        2.6666666666666665
      ],
      [
        1.136,
        0.3394495700533148,
        1.8285714285714285
      ],
      [
        1.309,
        0.364954994295959,
        1.28
      ],
      [
        1.482,
        0.3864085660084702,
        null
      ],
      [
        1.655,
        0.40445397214816686,
        null
      ],
      [
        1.827,
        0.41955223447195217,
        null
      ],
      [
        2.0,
        0.432332358385997,
        null
      ]
    ],
    "128": [
      [
        0.1,
        0.04758129095407171,
        42.666666666666664
      ],
      [
        0.273,
        0.11945360610919342,
        25.6
      ],
      [
        0.445,
        0.17958786192606685,
        18.285714285714285
      ],
      [
        0.618,
        0.23048929842060534,
        11.636363636363637
      ],
      [
        0.791,
        0.27330441130468053,
        7.529411764705882
      ],
      [
        0.964,
        0.30931781323426644,
        5.333333333333333
      ],
      [
        1.136,
        0.3394495700533148,
        3.657142857142857
      ],
      [
        1.309,
        0.364954994295959,
        2.56
      ],
      [
        1.482,
        0.3864085660084702,
        1.8028169014084507
      ],
      [
        1.655,
        0.40445397214816686,
        1.2673267326732673
      ],
      [
        1.827,
        0.41955223447195217,
        null
      ],
      [
        2.0,
        0.432332358385997,
        null
      ]
    ]
  },
  "undefined_boundary": {
    "4": 0.273,
    "8": 0.618,
    "16": 0.791,
    "32": 1.136,
    "64": 1.482,
    "128": 1.827
  },
  "metadata": {
    "generated": "2026-05-27",
    "code_version": "0.1.0.dev0",
    "qutip": "5.2.3",
    "note": "Regenerate via tmc_numerics.modules; see the module contracts in workplans/."
  }
}